month,cancellation_invoices,cancelled_units,cancellation_value
2009-12,491,25773.0,25838.65
2010-01,428,20724.0,28675.61
2010-02,688,24362.0,20995.45
2010-03,597,42319.0,67721.37
2010-04,379,35270.0,37354.2
2010-05,776,61253.0,44536.03
2010-06,497,27288.0,72483.53
2010-07,432,57415.0,31444.79
2010-08,366,71000.0,40498.57
2010-09,464,115846.0,70682.58
2010-10,594,22649.0,81389.69
2010-11,801,59849.0,47617.84
2010-12,396,35888.0,136153.32
2011-01,356,88750.0,131364.3
2011-02,267,8706.0,25569.24
2011-03,452,33078.0,34372.28
2011-04,426,23078.0,44601.5
2011-05,431,19034.0,47202.51
2011-06,436,52714.0,70616.78
2011-07,387,16423.0,37921.08
2011-08,328,18817.0,54333.75
2011-09,431,25599.0,38902.55
2011-10,508,58213.0,84274.63
2011-11,578,31312.0,47740.08
2011-12,176,88719.0,205124.67
