month,revenue,units_sold,orders
2009-12,825685.76,426981.0,1682
2010-01,652708.5,391525.0,1105
2010-02,553339.74,382781.0,1201
2010-03,833570.13,527401.0,1681
2010-04,681528.99,368198.0,1462
2010-05,659858.86,397206.0,1500
2010-06,752270.14,408636.0,1645
2010-07,650712.94,338920.0,1529
2010-08,697274.91,473420.0,1425
2010-09,924333.01,585357.0,1839
2010-10,1165483.91,622095.0,2301
2010-11,1470272.48,728449.0,2747
2010-12,1262598.79,540198.0,1559
2011-01,691364.56,387785.0,1086
2011-02,523631.89,283555.0,1100
2011-03,717639.36,377526.0,1454
2011-04,537808.62,308815.0,1246
2011-05,770536.02,395738.0,1681
2011-06,761739.9,389213.0,1533
2011-07,719221.19,401759.0,1475
2011-08,759138.38,421770.0,1361
2011-09,1058590.17,570820.0,1837
2011-10,1154979.3,623401.0,2040
2011-11,1509496.33,754507.0,2769
2011-12,638810.68,314249.0,819
