stock_code,description,revenue,units_sold,orders
22423,REGENCY CAKESTAND 3 TIER,344563.25,27577.0,3918
M,Manual,340716.28,10050.0,784
DOT,DOTCOM POSTAGE,322657.48,1436.0,1415
85123A,WHITE HANGING HEART T-LIGHT HOLDER,263109.67,96147.0,5365
85099B,JUMBO BAG RED WHITE SPOTTY,183454.83,98349.0,3989
23843,"PAPER CRAFT , LITTLE BIRDIE",168469.6,80995.0,1
47566,PARTY BUNTING,149187.05,28378.0,2674
84879,ASSORTED COLOUR BIRD ORNAMENT,132187.92,81809.0,2807
POST,POSTAGE,127597.42,5461.0,1851
22086,PAPER CHAIN KIT 50'S CHRISTMAS,123141.54,36581.0,2018
